Post Title,Post link
Pick of the Day - 1/1/24 (Monday),https://www.reddit.com/r/sportsbook/comments/18vlu3s/pick_of_the_day_1124_monday/
Pick of the Day - 1/2/24 (Tuesday),https://www.reddit.com/r/sportsbook/comments/18wciqn/pick_of_the_day_1224_tuesday/
Pick of the Day - 1/3/24 (Wednesday),https://www.reddit.com/r/sportsbook/comments/18x6dcw/pick_of_the_day_1324_wednesday/
Pick of the Day - 1/4/24 (Thursday),https://www.reddit.com/r/sportsbook/comments/18y05b2/pick_of_the_day_1424_thursday/
Pick of the Day - 1/5/24 (Friday),https://www.reddit.com/r/sportsbook/comments/18yty46/pick_of_the_day_1524_friday/
Pick of the Day - 1/6/24 (Saturday),https://www.reddit.com/r/sportsbook/comments/18zngz1/pick_of_the_day_1624_saturday/
Pick of the Day - 1/7/24 (Sunday),https://www.reddit.com/r/sportsbook/comments/190fswx/pick_of_the_day_1724_sunday/
Pick of the Day - 1/8/24 (Monday),https://www.reddit.com/r/sportsbook/comments/1918ioc/pick_of_the_day_1824_monday/
Pick of the Day - 1/9/24 (Tuesday),https://www.reddit.com/r/sportsbook/comments/1921zde/pick_of_the_day_1924_tuesday/
Pick of the Day - 1/10/24 (Wednesday),https://www.reddit.com/r/sportsbook/comments/192vndd/pick_of_the_day_11024_wednesday/
Pick of the Day - 1/11/24 (Thursday),https://www.reddit.com/r/sportsbook/comments/193p0rt/pick_of_the_day_11124_thursday/
Pick of the Day - 1/12/24 (Friday),https://www.reddit.com/r/sportsbook/comments/194icud/pick_of_the_day_11224_friday/
Pick of the Day - 1/13/24 (Saturday),https://www.reddit.com/r/sportsbook/comments/195bloo/pick_of_the_day_11324_saturday/
Pick of the Day - 1/14/24 (Sunday),https://www.reddit.com/r/sportsbook/comments/1963miy/pick_of_the_day_11424_sunday/
Pick of the Day - 1/15/24 (Monday),https://www.reddit.com/r/sportsbook/comments/196w14o/pick_of_the_day_11524_monday/
Pick of the Day - 1/16/24 (Tuesday),https://www.reddit.com/r/sportsbook/comments/197pxxp/pick_of_the_day_11624_tuesday/
Pick of the Day - 1/17/24 (Wednesday),https://www.reddit.com/r/sportsbook/comments/198jvyf/pick_of_the_day_11724_wednesday/
Pick of the Day - 1/18/24 (Thursday),https://www.reddit.com/r/sportsbook/comments/199dltn/pick_of_the_day_11824_thursday/
Pick of the Day - 1/19/24 (Friday),https://www.reddit.com/r/sportsbook/comments/19a6mqs/pick_of_the_day_11924_friday/
Pick of the Day - 1/20/24 (Saturday),https://www.reddit.com/r/sportsbook/comments/19azk0v/pick_of_the_day_12024_saturday/
Pick of the Day - 1/21/24 (Sunday),https://www.reddit.com/r/sportsbook/comments/19brdzm/pick_of_the_day_12124_sunday/
Pick of the Day - 1/22/24 (Monday),https://www.reddit.com/r/sportsbook/comments/19cjg8u/pick_of_the_day_12224_monday/
Pick of the Day - 1/23/24 (Tuesday),https://www.reddit.com/r/sportsbook/comments/19dc7dd/pick_of_the_day_12324_tuesday/
Pick of the Day - 1/24/24 (Wednesday),https://www.reddit.com/r/sportsbook/comments/19e4pvv/pick_of_the_day_12424_wednesday/
Pick of the Day - 1/25/24 (Thursday),https://www.reddit.com/r/sportsbook/comments/19ex3v5/pick_of_the_day_12524_thursday/
Pick of the Day - 1/26/24 (Friday),https://www.reddit.com/r/sportsbook/comments/1ab5xer/pick_of_the_day_12624_friday/
Pick of the Day - 1/27/24 (Saturday),https://www.reddit.com/r/sportsbook/comments/1abym67/pick_of_the_day_12724_saturday/
Pick of the Day - 1/28/24 (Sunday),https://www.reddit.com/r/sportsbook/comments/1acqh8b/pick_of_the_day_12824_sunday/
Pick of the Day - 1/29/24 (Monday),https://www.reddit.com/r/sportsbook/comments/1adirpb/pick_of_the_day_12924_monday/
Pick of the Day - 1/30/24 (Tuesday),https://www.reddit.com/r/sportsbook/comments/1aebxyl/pick_of_the_day_13024_tuesday/
Pick of the Day - 1/31/24 (Wednesday),https://www.reddit.com/r/sportsbook/comments/1af58t4/pick_of_the_day_13124_wednesday/
Pick of the Day - 2/1/24 (Thursday),https://www.reddit.com/r/sportsbook/comments/1afyj95/pick_of_the_day_2124_thursday/
Pick of the Day - 2/2/24 (Friday),https://www.reddit.com/r/sportsbook/comments/1agrdgl/pick_of_the_day_2224_friday/
Pick of the Day - 2/3/24 (Saturday),https://www.reddit.com/r/sportsbook/comments/1ahjwe4/pick_of_the_day_2324_saturday/
Pick of the Day - 2/4/24 (Sunday),https://www.reddit.com/r/sportsbook/comments/1aibou6/pick_of_the_day_2424_sunday/
Pick of the Day - 2/5/24 (Monday),https://www.reddit.com/r/sportsbook/comments/1aj61a4/pick_of_the_day_2524_monday/
Pick of the Day - 2/6/24 (Tuesday),https://www.reddit.com/r/sportsbook/comments/1ajxg2w/pick_of_the_day_2624_tuesday/
Pick of the Day - 2/7/24 (Wednesday),https://www.reddit.com/r/sportsbook/comments/1akqjfh/pick_of_the_day_2724_wednesday/
Pick of the Day - 2/8/24 (Thursday),https://www.reddit.com/r/sportsbook/comments/1aljedr/pick_of_the_day_2824_thursday/
Pick of the Day - 2/9/24 (Friday),https://www.reddit.com/r/sportsbook/comments/1ambvjz/pick_of_the_day_2924_friday/
Pick of the Day - 2/10/24 (Saturday),https://www.reddit.com/r/sportsbook/comments/1an47it/pick_of_the_day_21024_saturday/
Pick of the Day - 2/11/24 (Sunday),https://www.reddit.com/r/sportsbook/comments/1anvu5a/pick_of_the_day_21124_sunday/
Pick of the Day - 2/12/24 (Monday),https://www.reddit.com/r/sportsbook/comments/1aonynp/pick_of_the_day_21224_monday/
Pick of the Day - 2/13/24 (Tuesday),https://www.reddit.com/r/sportsbook/comments/1apgtsv/pick_of_the_day_21324_tuesday/
Pick of the Day - 2/14/24 (Wednesday),https://www.reddit.com/r/sportsbook/comments/1aqadne/pick_of_the_day_21424_wednesday/
Pick of the Day - 2/15/24 (Thursday),https://www.reddit.com/r/sportsbook/comments/1ar3h9m/pick_of_the_day_21524_thursday/
Pick of the Day - 2/16/24 (Friday),https://www.reddit.com/r/sportsbook/comments/1arw0a8/pick_of_the_day_21624_friday/
Pick of the Day - 2/17/24 (Saturday),https://www.reddit.com/r/sportsbook/comments/1aspf9m/pick_of_the_day_21724_saturday/
Pick of the Day - 2/18/24 (Sunday),https://www.reddit.com/r/sportsbook/comments/1athvs3/pick_of_the_day_21824_sunday/
Pick of the Day - 2/19/24 (Monday),https://www.reddit.com/r/sportsbook/comments/1auaqt5/pick_of_the_day_21924_monday/
Pick of the Day - 2/20/24 (Tuesday),https://www.reddit.com/r/sportsbook/comments/1av4sei/pick_of_the_day_22024_tuesday/
Pick of the Day - 2/21/24 (Wednesday),https://www.reddit.com/r/sportsbook/comments/1avyyps/pick_of_the_day_22124_wednesday/
Pick of the Day - 2/22/24 (Thursday),https://www.reddit.com/r/sportsbook/comments/1awtgoa/pick_of_the_day_22224_thursday/
Pick of the Day - 2/23/24 (Friday),https://www.reddit.com/r/sportsbook/comments/1axnqo5/pick_of_the_day_22324_friday/
Pick of the Day - 2/24/24 (Saturday),https://www.reddit.com/r/sportsbook/comments/1ayhoft/pick_of_the_day_22424_saturday/
Pick of the Day - 2/25/24 (Sunday),https://www.reddit.com/r/sportsbook/comments/1azb7od/pick_of_the_day_22524_sunday/
Pick of the Day - 2/26/24 (Monday),https://www.reddit.com/r/sportsbook/comments/1b04wqe/pick_of_the_day_22624_monday/
Pick of the Day - 2/27/24 (Tuesday),https://www.reddit.com/r/sportsbook/comments/1b0yvkn/pick_of_the_day_22724_tuesday/
Pick of the Day - 2/28/24 (Wednesday),https://www.reddit.com/r/sportsbook/comments/1b1t1fw/pick_of_the_day_22824_wednesday/
Pick of the Day - 2/29/24 (Thursday),https://www.reddit.com/r/sportsbook/comments/1b2nim0/pick_of_the_day_22924_thursday/
Pick of the Day - 3/1/24 (Friday),https://www.reddit.com/r/sportsbook/comments/1b3hf8w/pick_of_the_day_3124_friday/
Pick of the Day - 3/2/24 (Saturday),https://www.reddit.com/r/sportsbook/comments/1b4bknw/pick_of_the_day_3224_saturday/
Pick of the Day - 3/3/24 (Sunday),https://www.reddit.com/r/sportsbook/comments/1b54i7h/pick_of_the_day_3324_sunday/
Pick of the Day - 3/4/24 (Monday),https://www.reddit.com/r/sportsbook/comments/1b5xyz9/pick_of_the_day_3424_monday/
Pick of the Day - 3/5/24 (Tuesday),https://www.reddit.com/r/sportsbook/comments/1b6saqj/pick_of_the_day_3524_tuesday/
Pick of the Day - 3/6/24 (Wednesday),https://www.reddit.com/r/sportsbook/comments/1b7mmol/pick_of_the_day_3624_wednesday/
Pick of the Day - 3/7/24 (Thursday),https://www.reddit.com/r/sportsbook/comments/1b8hyhc/pick_of_the_day_3724_thursday/
Pick of the Day - 3/8/24 (Friday),https://www.reddit.com/r/sportsbook/comments/1b9b0yn/pick_of_the_day_3824_friday/
Pick of the Day - 3/9/24 (Saturday),https://www.reddit.com/r/sportsbook/comments/1ba55wa/pick_of_the_day_3924_saturday/
Pick of the Day - 3/10/24 (Sunday),https://www.reddit.com/r/sportsbook/comments/1baxto9/pick_of_the_day_31024_sunday/
Pick of the Day - 3/11/24 (Monday),https://www.reddit.com/r/sportsbook/comments/1bbpkb9/pick_of_the_day_31124_monday/
Pick of the Day - 3/12/24 (Tuesday),https://www.reddit.com/r/sportsbook/comments/1bcj4hv/pick_of_the_day_31224_tuesday/
Pick of the Day - 3/13/24 (Wednesday),https://www.reddit.com/r/sportsbook/comments/1bdd94m/pick_of_the_day_31324_wednesday/
Pick of the Day - 3/14/24 (Thursday),https://www.reddit.com/r/sportsbook/comments/1be7h65/pick_of_the_day_31424_thursday/
Pick of the Day - 3/15/24 (Friday),https://www.reddit.com/r/sportsbook/comments/1bf0i3u/pick_of_the_day_31524_friday/
Pick of the Day - 3/16/24 (Saturday),https://www.reddit.com/r/sportsbook/comments/1bfstsw/pick_of_the_day_31624_saturday/
Pick of the Day - 3/17/24 (Sunday),https://www.reddit.com/r/sportsbook/comments/1bgk73d/pick_of_the_day_31724_sunday/
Pick of the Day - 3/18/24 (Monday),https://www.reddit.com/r/sportsbook/comments/1bhd7ki/pick_of_the_day_31824_monday/
Pick of the Day - 3/19/24 (Tuesday),https://www.reddit.com/r/sportsbook/comments/1bi6ly8/pick_of_the_day_31924_tuesday/
Pick of the Day - 3/20/24 (Wednesday),https://www.reddit.com/r/sportsbook/comments/1bizya0/pick_of_the_day_32024_wednesday/
Pick of the Day - 3/21/24 (Thursday),https://www.reddit.com/r/sportsbook/comments/1bjszcg/pick_of_the_day_32124_thursday/
Pick of the Day - 3/22/24 (Friday),https://www.reddit.com/r/sportsbook/comments/1bkly3e/pick_of_the_day_32224_friday/
Pick of the Day - 3/23/24 (Saturday),https://www.reddit.com/r/sportsbook/comments/1blelj2/pick_of_the_day_32324_saturday/
Pick of the Day - 3/24/24 (Sunday),https://www.reddit.com/r/sportsbook/comments/1bm7b3r/pick_of_the_day_32424_sunday/
Pick of the Day - 3/25/24 (Monday),https://www.reddit.com/r/sportsbook/comments/1bmzzb0/pick_of_the_day_32524_monday/
Pick of the Day - 3/26/24 (Tuesday),https://www.reddit.com/r/sportsbook/comments/1bnts38/pick_of_the_day_32624_tuesday/
Pick of the Day - 3/27/24 (Wednesday),https://www.reddit.com/r/sportsbook/comments/1bonwst/pick_of_the_day_32724_wednesday/
Pick of the Day - 3/28/24 (Thursday),https://www.reddit.com/r/sportsbook/comments/1bphmcd/pick_of_the_day_32824_thursday/
Pick of the Day - 3/29/24 (Friday),https://www.reddit.com/r/sportsbook/comments/1bqb7r4/pick_of_the_day_32924_friday/
Pick of the Day - 3/30/24 (Saturday),https://www.reddit.com/r/sportsbook/comments/1br3yzb/pick_of_the_day_33024_saturday/
Pick of the Day - 3/31/24 (Sunday),https://www.reddit.com/r/sportsbook/comments/1brwpx3/pick_of_the_day_33124_sunday/
Pick of the Day - 4/1/24 (Monday),https://www.reddit.com/r/sportsbook/comments/1bspgmk/pick_of_the_day_4124_monday/
Pick of the Day - 4/2/24 (Tuesday),vhttps://www.reddit.com/r/sportsbook/comments/1btki1m/pick_of_the_day_4224_tuesday/
Pick of the Day - 4/3/24 (Wednesday),https://www.reddit.com/r/sportsbook/comments/1bueih3/pick_of_the_day_4324_wednesday/
Pick of the Day - 4/4/24 (Thursday),https://www.reddit.com/r/sportsbook/comments/1bv8z5h/pick_of_the_day_4424_thursday/
Pick of the Day - 4/5/24 (Friday),https://www.reddit.com/r/sportsbook/comments/1bw3ohj/pick_of_the_day_4524_friday/
Pick of the Day - 4/6/24 (Saturday),https://www.reddit.com/r/sportsbook/comments/1bwxn57/pick_of_the_day_4624_saturday/
Pick of the Day - 4/7/24 (Sunday),https://www.reddit.com/r/sportsbook/comments/1bxqk3f/pick_of_the_day_4724_sunday/
Pick of the Day - 4/8/24 (Monday),https://www.reddit.com/r/sportsbook/comments/1byju6j/pick_of_the_day_4824_monday/
Pick of the Day - 4/9/24 (Tuesday),https://www.reddit.com/r/sportsbook/comments/1bze4f7/pick_of_the_day_4924_tuesday/
Pick of the Day - 4/10/24 (Wednesday),https://www.reddit.com/r/sportsbook/comments/1c07shi/pick_of_the_day_41024_wednesday/
Pick of the Day - 4/11/24 (Thursday),https://www.reddit.com/r/sportsbook/comments/1c111rc/pick_of_the_day_41124_thursday/
Pick of the Day - 4/12/24 (Friday),https://www.reddit.com/r/sportsbook/comments/1c1uyax/pick_of_the_day_41224_friday/
Pick of the Day - 4/13/24 (Saturday),https://www.reddit.com/r/sportsbook/comments/1c2ombg/pick_of_the_day_41324_saturday/
Pick of the Day - 4/14/24 (Sunday),https://www.reddit.com/r/sportsbook/comments/1c3gckd/pick_of_the_day_41424_sunday/
Pick of the Day - 4/15/24 (Monday),https://www.reddit.com/r/sportsbook/comments/1c48ibs/pick_of_the_day_41524_monday/
Pick of the Day - 4/16/24 (Tuesday),https://www.reddit.com/r/sportsbook/comments/1c5258r/pick_of_the_day_41624_tuesday/
Pick of the Day - 4/17/24 (Wednesday),https://www.reddit.com/r/sportsbook/comments/1c5vtgc/pick_of_the_day_41724_wednesday/
Pick of the Day - 4/18/24 (Thursday),https://www.reddit.com/r/sportsbook/comments/1c6pmqv/pick_of_the_day_41824_thursday/
Pick of the Day - 4/19/24 (Friday),https://www.reddit.com/r/sportsbook/comments/1c7j2mr/pick_of_the_day_41924_friday/
Pick of the Day - 4/20/24 (Saturday),https://www.reddit.com/r/sportsbook/comments/1c8ca6r/pick_of_the_day_42024_saturday/
Pick of the Day - 4/21/24 (Sunday),https://www.reddit.com/r/sportsbook/comments/1c94nk4/pick_of_the_day_42124_sunday/
Pick of the Day - 4/22/24 (Monday),https://www.reddit.com/r/sportsbook/comments/1c9x0ar/pick_of_the_day_42224_monday/
Pick of the Day - 4/23/24 (Tuesday),https://www.reddit.com/r/sportsbook/comments/1caqlke/pick_of_the_day_42324_tuesday/
Pick of the Day - 4/24/24 (Wednesday),https://www.reddit.com/r/sportsbook/comments/1cbkf1a/pick_of_the_day_42424_wednesday/
Pick of the Day - 4/25/24 (Thursday),https://www.reddit.com/r/sportsbook/comments/1cce02w/pick_of_the_day_42524_thursday/
Pick of the Day - 4/26/24 (Friday),https://www.reddit.com/r/sportsbook/comments/1cd7a5e/pick_of_the_day_42624_friday/
Pick of the Day - 4/27/24 (Saturday),https://www.reddit.com/r/sportsbook/comments/1ce0xsf/pick_of_the_day_42724_saturday/
Pick of the Day - 4/28/24 (Sunday),https://www.reddit.com/r/sportsbook/comments/1cet5vk/pick_of_the_day_42824_sunday/
Pick of the Day - 4/29/24 (Monday),https://www.reddit.com/r/sportsbook/comments/1cflf3k/pick_of_the_day_42924_monday/
Pick of the Day - 4/30/24 (Tuesday),https://www.reddit.com/r/sportsbook/comments/1cgeytp/pick_of_the_day_43024_tuesday/
Pick of the Day - 5/1/24 (Wednesday),https://www.reddit.com/r/sportsbook/comments/1ch89ny/pick_of_the_day_5124_wednesday/
Pick of the Day - 5/2/24 (Thursday),https://www.reddit.com/r/sportsbook/comments/1ci1rqm/pick_of_the_day_5224_thursday/
Pick of the Day - 5/3/24 (Friday),https://www.reddit.com/r/sportsbook/comments/1civ3td/pick_of_the_day_5324_friday/
Pick of the Day - 5/4/24 (Saturday),https://www.reddit.com/r/sportsbook/comments/1cjnad5/pick_of_the_day_5424_saturday/
Pick of the Day - 5/5/24 (Sunday),https://www.reddit.com/r/sportsbook/comments/1ckejc6/pick_of_the_day_5524_sunday/
Pick of the Day - 5/6/24 (Monday),https://www.reddit.com/r/sportsbook/comments/1cl5o5y/pick_of_the_day_5624_monday/
Pick of the Day - 5/7/24 (Tuesday),https://www.reddit.com/r/sportsbook/comments/1clyfkm/pick_of_the_day_5724_tuesday/
Pick of the Day - 5/8/24 (Wednesday),https://www.reddit.com/r/sportsbook/comments/1cmr2c3/pick_of_the_day_5824_wednesday/
Pick of the Day - 5/9/24 (Thursday),https://www.reddit.com/r/sportsbook/comments/1cnjrqa/pick_of_the_day_5924_thursday/
Pick of the Day - 5/10/24 (Friday),https://www.reddit.com/r/sportsbook/comments/1coc9c3/pick_of_the_day_51024_friday/
Pick of the Day - 5/11/24 (Saturday),https://www.reddit.com/r/sportsbook/comments/1cp4f5q/pick_of_the_day_51124_saturday/
Pick of the Day - 5/12/24 (Sunday),https://www.reddit.com/r/sportsbook/comments/1cpv4ez/pick_of_the_day_51224_sunday/
Pick of the Day - 5/13/24 (Monday),https://www.reddit.com/r/sportsbook/comments/1cqm29n/pick_of_the_day_51324_monday/
Pick of the Day - 5/14/24 (Tuesday),https://www.reddit.com/r/sportsbook/comments/1crerdq/pick_of_the_day_51424_tuesday/
Pick of the Day - 5/15/24 (Wednesday),https://www.reddit.com/r/sportsbook/comments/1cs7ho9/pick_of_the_day_51524_wednesday/
Pick of the Day - 5/16/24 (Thursday),https://www.reddit.com/r/sportsbook/comments/1cszz2n/pick_of_the_day_51624_thursday/
Pick of the Day - 5/17/24 (Friday),https://www.reddit.com/r/sportsbook/comments/1cts0mv/pick_of_the_day_51724_friday/
Pick of the Day - 5/18/24 (Saturday),https://www.reddit.com/r/sportsbook/comments/1cukf90/pick_of_the_day_51824_saturday/
Pick of the Day - 5/19/24 (Sunday),https://www.reddit.com/r/sportsbook/comments/1cvb9o4/pick_of_the_day_51924_sunday/
Pick of the Day - 5/20/24 (Monday),https://www.reddit.com/r/sportsbook/comments/1cw2gj9/pick_of_the_day_52024_monday/
Pick of the Day - 5/21/24 (Tuesday),https://www.reddit.com/r/sportsbook/comments/1cwuo6h/pick_of_the_day_52124_tuesday/
Pick of the Day - 5/22/24 (Wednesday),https://www.reddit.com/r/sportsbook/comments/1cxn16j/pick_of_the_day_52224_wednesday/
Pick of the Day - 5/23/24 (Thursday),https://www.reddit.com/r/sportsbook/comments/1cyfjre/pick_of_the_day_52324_thursday/
Pick of the Day - 5/24/24 (Friday),https://www.reddit.com/r/sportsbook/comments/1cz7u0v/pick_of_the_day_52424_friday/
Pick of the Day - 5/25/24 (Saturday),https://www.reddit.com/r/sportsbook/comments/1czzf8j/pick_of_the_day_52524_saturday/
Pick of the Day - 5/26/24 (Sunday),https://www.reddit.com/r/sportsbook/comments/1d0paux/pick_of_the_day_52624_sunday/
Pick of the Day - 5/27/24 (Monday),https://www.reddit.com/r/sportsbook/comments/1d1f0i4/pick_of_the_day_52724_monday/
Pick of the Day - 5/28/24 (Tuesday),https://www.reddit.com/r/sportsbook/comments/1d26eme/pick_of_the_day_52824_tuesday/
Pick of the Day - 5/29/24 (Wednesday),https://www.reddit.com/r/sportsbook/comments/1d2yws2/pick_of_the_day_52924_wednesday/
Pick of the Day - 5/30/24 (Thursday),https://www.reddit.com/r/sportsbook/comments/1d3qusm/pick_of_the_day_53024_thursday/
Pick of the Day - 5/31/24 (Friday),https://www.reddit.com/r/sportsbook/comments/1d4ihsx/pick_of_the_day_53124_friday/
Pick of the Day - 6/1/24 (Saturday),https://www.reddit.com/r/sportsbook/comments/1d5a9ca/pick_of_the_day_6124_saturday/
Pick of the Day - 6/2/24 (Sunday),https://www.reddit.com/r/sportsbook/comments/1d60s2u/pick_of_the_day_6224_sunday/
Pick of the Day - 6/3/24 (Monday),https://www.reddit.com/r/sportsbook/comments/1d6rh96/pick_of_the_day_6324_monday/
Pick of the Day - 6/4/24 (Tuesday),https://www.reddit.com/r/sportsbook/comments/1d7jt02/pick_of_the_day_6424_tuesday/
Pick of the Day - 6/5/24 (Wednesday),https://www.reddit.com/r/sportsbook/comments/1d8cj6j/pick_of_the_day_6524_wednesday/
Pick of the Day - 6/6/24 (Thursday),https://www.reddit.com/r/sportsbook/comments/1d9530e/pick_of_the_day_6624_thursday/
Pick of the Day - 6/7/24 (Friday),https://www.reddit.com/r/sportsbook/comments/1d9xeii/pick_of_the_day_6724_friday/
Pick of the Day - 6/8/24 (Saturday),https://www.reddit.com/r/sportsbook/comments/1dapyvj/pick_of_the_day_6824_saturday/
Pick of the Day - 6/9/24 (Sunday),https://www.reddit.com/r/sportsbook/comments/1dbgsb5/pick_of_the_day_6924_sunday/
Pick of the Day - 6/10/24 (Monday),https://www.reddit.com/r/sportsbook/comments/1dc8e79/pick_of_the_day_61024_monday/
Pick of the Day - 6/11/24 (Tuesday),https://www.reddit.com/r/sportsbook/comments/1dd0uzf/pick_of_the_day_61124_tuesday/
Pick of the Day - 6/12/24 (Wednesday),https://www.reddit.com/r/sportsbook/comments/1ddtdxl/pick_of_the_day_61224_wednesday/
Pick of the Day - 6/13/24 (Thursday),https://www.reddit.com/r/sportsbook/comments/1delrrq/pick_of_the_day_61324_thursday/
Pick of the Day - 6/14/24 (Friday),https://www.reddit.com/r/sportsbook/comments/1dfdty1/pick_of_the_day_61424_friday/
Pick of the Day - 6/15/24 (Saturday),https://www.reddit.com/r/sportsbook/comments/1dg5b8h/pick_of_the_day_61524_saturday/
Pick of the Day - 6/16/24 (Sunday),https://www.reddit.com/r/sportsbook/comments/1dgvct8/pick_of_the_day_61624_sunday/
Pick of the Day - 6/17/24 (Monday),https://www.reddit.com/r/sportsbook/comments/1dhl8az/pick_of_the_day_61724_monday/
Pick of the Day - 6/18/24 (Tuesday),https://www.reddit.com/r/sportsbook/comments/1did9rc/pick_of_the_day_61824_tuesday/
Pick of the Day - 6/19/24 (Wednesday),https://www.reddit.com/r/sportsbook/comments/1dj5r1r/pick_of_the_day_61924_wednesday/
Pick of the Day - 6/20/24 (Thursday),https://www.reddit.com/r/sportsbook/comments/1djyaew/pick_of_the_day_62024_thursday/
Pick of the Day - 6/21/24 (Friday),https://www.reddit.com/r/sportsbook/comments/1dkqp92/pick_of_the_day_62124_friday/
Pick of the Day - 6/22/24 (Saturday),https://www.reddit.com/r/sportsbook/comments/1dlirn9/pick_of_the_day_62224_saturday/
Pick of the Day - 6/23/24 (Sunday),https://www.reddit.com/r/sportsbook/comments/1dm9i7h/pick_of_the_day_62324_sunday/
Pick of the Day - 6/24/24 (Monday),https://www.reddit.com/r/sportsbook/comments/1dn0bkm/pick_of_the_day_62424_monday/
Pick of the Day - 6/25/24 (Tuesday),https://www.reddit.com/r/sportsbook/comments/1dnsonz/pick_of_the_day_62524_tuesday/
Pick of the Day - 6/26/24 (Wednesday),https://www.reddit.com/r/sportsbook/comments/1dol42x/pick_of_the_day_62624_wednesday/
Pick of the Day - 6/27/24 (Thursday),https://www.reddit.com/r/sportsbook/comments/1dpdt93/pick_of_the_day_62724_thursday/
Pick of the Day - 6/28/24 (Friday),https://www.reddit.com/r/sportsbook/comments/1dq6c8d/pick_of_the_day_62824_friday/
Pick of the Day - 6/29/24 (Saturday),https://www.reddit.com/r/sportsbook/comments/1dqyciz/pick_of_the_day_62924_saturday/
Pick of the Day - 6/30/24 (Sunday),https://www.reddit.com/r/sportsbook/comments/1droxew/pick_of_the_day_63024_sunday/
Pick of the Day - 7/1/24 (Monday),https://www.reddit.com/r/sportsbook/comments/1dsfmvc/pick_of_the_day_7124_monday/
Pick of the Day - 7/2/24 (Tuesday),https://www.reddit.com/r/sportsbook/comments/1dt8dd2/pick_of_the_day_7224_tuesday/
Pick of the Day - 7/3/24 (Wednesday),https://www.reddit.com/r/sportsbook/comments/1du0w5t/pick_of_the_day_7324_wednesday/
Pick of the Day - 7/4/24 (Thursday),https://www.reddit.com/r/sportsbook/comments/1dutf0q/pick_of_the_day_7424_thursday/
Pick of the Day - 7/5/24 (Friday),https://www.reddit.com/r/sportsbook/comments/1dvltfi/pick_of_the_day_7524_friday/
Pick of the Day - 7/6/24 (Saturday),https://www.reddit.com/r/sportsbook/comments/1dwcnup/pick_of_the_day_7624_saturday/
Pick of the Day - 7/7/24 (Sunday),https://www.reddit.com/r/sportsbook/comments/1dyokh7/pick_of_the_day_7924_tuesday/
Pick of the Day - 7/8/24 (Monday),https://www.reddit.com/r/sportsbook/comments/1dxv6gh/pick_of_the_day_7824_monday/
Pick of the Day - 7/9/24 (Tuesday),https://www.reddit.com/r/sportsbook/comments/1dyokh7/pick_of_the_day_7924_tuesday/
Pick of the Day - 7/10/24 (Wednesday),https://www.reddit.com/r/sportsbook/comments/1dzhy80/pick_of_the_day_71024_wednesday/
Pick of the Day - 7/11/24 (Thursday),https://www.reddit.com/r/sportsbook/comments/1e0bd4m/pick_of_the_day_71124_thursday/
Pick of the Day - 7/12/24 (Friday),https://www.reddit.com/r/sportsbook/comments/1e13vyz/pick_of_the_day_71224_friday/
Pick of the Day - 7/13/24 (Saturday),https://www.reddit.com/r/sportsbook/comments/1e1wuu5/pick_of_the_day_71324_saturday/
Pick of the Day - 7/14/24 (Sunday),https://www.reddit.com/r/sportsbook/comments/1e2owz6/pick_of_the_day_71424_sunday/
Pick of the Day - 7/15/24 (Monday),https://www.reddit.com/r/sportsbook/comments/1e3h5oi/pick_of_the_day_71524_monday/
Pick of the Day - 7/16/24 (Tuesday),https://www.reddit.com/r/sportsbook/comments/1e4anw0/pick_of_the_day_71624_tuesday/
Pick of the Day - 7/17/24 (Wednesday),https://www.reddit.com/r/sportsbook/comments/1e548ni/pick_of_the_day_71724_wednesday/
Pick of the Day - 7/18/24 (Thursday),https://www.reddit.com/r/sportsbook/comments/1e5xshy/pick_of_the_day_71824_thursday/
Pick of the Day - 7/19/24 (Friday),https://www.reddit.com/r/sportsbook/comments/1e6qcz0/pick_of_the_day_71924_friday/
Pick of the Day - 7/20/24 (Saturday),https://www.reddit.com/r/sportsbook/comments/1e7imqk/pick_of_the_day_72024_saturday/
Pick of the Day - 7/21/24 (Sunday),https://www.reddit.com/r/sportsbook/comments/1e89lx0/pick_of_the_day_72124_sunday/
Pick of the Day - 7/22/24 (Monday),https://www.reddit.com/r/sportsbook/comments/1e90qgz/pick_of_the_day_72224_monday/
Pick of the Day - 7/23/24 (Tuesday),https://www.reddit.com/r/sportsbook/comments/1e9twjf/pick_of_the_day_72324_tuesday/
Pick of the Day - 7/24/24 (Wednesday),https://www.reddit.com/r/sportsbook/comments/1eanje4/pick_of_the_day_72424_wednesday/
Pick of the Day - 7/25/24 (Thursday),https://www.reddit.com/r/sportsbook/comments/1ebh0gz/pick_of_the_day_72524_thursday/
Pick of the Day - 7/26/24 (Friday),https://www.reddit.com/r/sportsbook/comments/1ecac9f/pick_of_the_day_72624_friday/
Pick of the Day - 7/27/24 (Saturday),https://www.reddit.com/r/sportsbook/comments/1ed35pl/pick_of_the_day_72724_saturday/
Pick of the Day - 7/28/24 (Sunday),https://www.reddit.com/r/sportsbook/comments/1eduo7z/pick_of_the_day_72824_sunday/
Pick of the Day - 7/29/24 (Monday),https://www.reddit.com/r/sportsbook/comments/1eelx29/pick_of_the_day_72924_monday/
Pick of the Day - 7/30/24 (Tuesday),https://www.reddit.com/r/sportsbook/comments/1effdtd/pick_of_the_day_73024_tuesday/
Pick of the Day - 7/31/24 (Wednesday),https://www.reddit.com/r/sportsbook/comments/1eg97sm/pick_of_the_day_73124_wednesday/
Pick of the Day - 8/1/24 (Thursday),https://www.reddit.com/r/sportsbook/comments/1eh2tgc/pick_of_the_day_8124_thursday/
Pick of the Day - 8/2/24 (Friday),https://www.reddit.com/r/sportsbook/comments/1ehw6dk/pick_of_the_day_8224_friday/
Pick of the Day - 8/3/24 (Saturday),https://www.reddit.com/r/sportsbook/comments/1eipjsn/pick_of_the_day_8324_saturday/
Pick of the Day - 8/4/24 (Sunday),https://www.reddit.com/r/sportsbook/comments/1eji1k4/pick_of_the_day_8424_sunday/
Pick of the Day - 8/5/24 (Monday),https://www.reddit.com/r/sportsbook/comments/1eka4mb/pick_of_the_day_8524_monday/
Pick of the Day - 8/6/24 (Tuesday),https://www.reddit.com/r/sportsbook/comments/1el3nla/pick_of_the_day_8624_tuesday/
Pick of the Day - 8/7/24 (Wednesday),https://www.reddit.com/r/sportsbook/comments/1elxogv/pick_of_the_day_8724_wednesday/
Pick of the Day - 8/8/24 (Thursday),https://www.reddit.com/r/sportsbook/comments/1emrto4/pick_of_the_day_8824_thursday/
Pick of the Day - 8/9/24 (Friday),https://www.reddit.com/r/sportsbook/comments/1enlopr/pick_of_the_day_8924_friday/
Pick of the Day - 8/10/24 (Saturday),https://www.reddit.com/r/sportsbook/comments/1eofg6k/pick_of_the_day_81024_saturday/
Pick of the Day - 8/11/24 (Sunday),https://www.reddit.com/r/sportsbook/comments/1ep7f1y/pick_of_the_day_81124_sunday/
Pick of the Day - 8/12/24 (Monday),https://www.reddit.com/r/sportsbook/comments/1epzqia/pick_of_the_day_81224_monday/
Pick of the Day - 8/13/24 (Tuesday),https://www.reddit.com/r/sportsbook/comments/1eqtuep/pick_of_the_day_81324_tuesday/
Pick of the Day - 8/14/24 (Wednesday),https://www.reddit.com/r/sportsbook/comments/1ernemq/pick_of_the_day_81424_wednesday/
Pick of the Day - 8/15/24 (Thursday),https://www.reddit.com/r/sportsbook/comments/1esh52e/pick_of_the_day_81524_thursday/
Pick of the Day - 8/16/24 (Friday),https://www.reddit.com/r/sportsbook/comments/1etav2j/pick_of_the_day_81624_friday/
Pick of the Day - 8/17/24 (Saturday),https://www.reddit.com/r/sportsbook/comments/1eu4ayd/pick_of_the_day_81724_saturday/
Pick of the Day - 8/18/24 (Sunday),https://www.reddit.com/r/sportsbook/comments/1euw4cf/pick_of_the_day_81824_sunday/
Pick of the Day - 8/19/24 (Monday),https://www.reddit.com/r/sportsbook/comments/1evo7py/pick_of_the_day_81924_monday/
Pick of the Day - 8/20/24 (Tuesday),https://www.reddit.com/r/sportsbook/comments/1ewhkx2/pick_of_the_day_82024_tuesday/
Pick of the Day - 8/21/24 (Wednesday),https://www.reddit.com/r/sportsbook/comments/1exbgv4/pick_of_the_day_82124_wednesday/
Pick of the Day - 8/22/24 (Thursday),https://www.reddit.com/r/sportsbook/comments/1ey5ew5/pick_of_the_day_82224_thursday/
Pick of the Day - 8/23/24 (Friday),https://www.reddit.com/r/sportsbook/comments/1eyyvx2/pick_of_the_day_82324_friday/
Pick of the Day - 8/24/24 (Saturday),https://www.reddit.com/r/sportsbook/comments/1ezs3sd/pick_of_the_day_82424_saturday/
Pick of the Day - 8/25/24 (Sunday),https://www.reddit.com/r/sportsbook/comments/1f0jmmx/pick_of_the_day_82524_sunday/
Pick of the Day - 8/26/24 (Monday),https://www.reddit.com/r/sportsbook/comments/1f1ayih/pick_of_the_day_82624_monday/
Pick of the Day - 8/27/24 (Tuesday),https://www.reddit.com/r/sportsbook/comments/1f23jii/pick_of_the_day_82724_tuesday/
Pick of the Day - 8/28/24 (Wednesday),https://www.reddit.com/r/sportsbook/comments/1f2wklg/pick_of_the_day_82824_wednesday/
Pick of the Day - 8/29/24 (Thursday),https://www.reddit.com/r/sportsbook/comments/1f3ov0r/pick_of_the_day_82924_thursday/
Pick of the Day - 8/30/24 (Friday),https://www.reddit.com/r/sportsbook/comments/1f4hrwb/pick_of_the_day_83024_friday/
Pick of the Day - 8/31/24 (Saturday),https://www.reddit.com/r/sportsbook/comments/1f5ac8v/pick_of_the_day_83124_saturday/
Pick of the Day - 9/1/24 (Sunday),https://www.reddit.com/r/sportsbook/comments/1f61i12/pick_of_the_day_9124_sunday/
Pick of the Day - 9/2/24 (Monday),https://www.reddit.com/r/sportsbook/comments/1f6ta9y/pick_of_the_day_9224_monday/
Pick of the Day - 9/3/24 (Tuesday),https://www.reddit.com/r/sportsbook/comments/1f7m8fv/pick_of_the_day_9324_tuesday/
Pick of the Day - 9/4/24 (Wednesday),https://www.reddit.com/r/sportsbook/comments/1f8fhbc/pick_of_the_day_9424_wednesday/
Pick of the Day - 9/5/24 (Thursday),https://www.reddit.com/r/sportsbook/comments/1f98wqi/pick_of_the_day_9524_thursday/
Pick of the Day - 9/6/24 (Friday),https://www.reddit.com/r/sportsbook/comments/1fa1rzd/pick_of_the_day_9624_friday/
Pick of the Day - 9/7/24 (Saturday),https://www.reddit.com/r/sportsbook/comments/1fau5u3/pick_of_the_day_9724_saturday/
Pick of the Day - 9/8/24 (Sunday),https://www.reddit.com/r/sportsbook/comments/1fbl5ex/pick_of_the_day_9824_sunday/
Pick of the Day - 9/9/24 (Monday),https://www.reddit.com/r/sportsbook/comments/1fccedk/pick_of_the_day_9924_monday/
Pick of the Day - 9/10/24 (Tuesday),https://www.reddit.com/r/sportsbook/comments/1fd4r83/pick_of_the_day_91024_tuesday/
Pick of the Day - 9/11/24 (Wednesday),https://www.reddit.com/r/sportsbook/comments/1fdx29u/pick_of_the_day_91124_wednesday/
Pick of the Day - 9/12/24 (Thursday),https://www.reddit.com/r/sportsbook/comments/1fepcdy/pick_of_the_day_91224_thursday/
Pick of the Day - 9/13/24 (Friday),https://www.reddit.com/r/sportsbook/comments/1ffhi9w/pick_of_the_day_91324_friday/
Pick of the Day - 9/14/24 (Saturday),https://www.reddit.com/r/sportsbook/comments/1fg9kqe/pick_of_the_day_91424_saturday/
Pick of the Day - 9/15/24 (Sunday),https://www.reddit.com/r/sportsbook/comments/1fgzx2h/pick_of_the_day_91524_sunday/
Pick of the Day - 9/16/24 (Monday),https://www.reddit.com/r/sportsbook/comments/1fhrct0/pick_of_the_day_91624_monday/
Pick of the Day - 9/17/24 (Tuesday),https://www.reddit.com/r/sportsbook/comments/1fikk8g/pick_of_the_day_91724_tuesday/
Pick of the Day - 9/18/24 (Wednesday),https://www.reddit.com/r/sportsbook/comments/1fjfffg/pick_of_the_day_91824_wednesday/
Pick of the Day - 9/19/24 (Thursday),https://www.reddit.com/r/sportsbook/comments/1fk7rnq/pick_of_the_day_91924_thursday/
Pick of the Day - 9/20/24 (Friday),https://www.reddit.com/r/sportsbook/comments/1fkz718/pick_of_the_day_92024_friday/
Pick of the Day - 9/21/24 (Saturday),https://www.reddit.com/r/sportsbook/comments/1flqjae/pick_of_the_day_92124_saturday/
Pick of the Day - 9/22/24 (Sunday),https://www.reddit.com/r/sportsbook/comments/1fmgqjn/pick_of_the_day_92224_sunday/
Pick of the Day - 9/23/24 (Monday),https://www.reddit.com/r/sportsbook/comments/1fn7o8f/pick_of_the_day_92324_monday/
Pick of the Day - 9/24/24 (Tuesday),https://www.reddit.com/r/sportsbook/comments/1fnzjh6/pick_of_the_day_92424_tuesday/
Pick of the Day - 9/25/24 (Wednesday),https://www.reddit.com/r/sportsbook/comments/1forhar/pick_of_the_day_92524_wednesday/
Pick of the Day - 9/26/24 (Thursday),https://www.reddit.com/r/sportsbook/comments/1fpje5u/pick_of_the_day_92624_thursday/
Pick of the Day - 9/27/24 (Friday),https://www.reddit.com/r/sportsbook/comments/1fqb1nm/pick_of_the_day_92724_friday/
Pick of the Day - 9/28/24 (Saturday),https://www.reddit.com/r/sportsbook/comments/1fr20wx/pick_of_the_day_92824_saturday/
Pick of the Day - 9/29/24 (Sunday),https://www.reddit.com/r/sportsbook/comments/1frryjg/pick_of_the_day_92924_sunday/
Pick of the Day - 9/30/24 (Monday),https://www.reddit.com/r/sportsbook/comments/1fsiq2s/pick_of_the_day_93024_monday/
Pick of the Day - 10/1/24 (Tuesday),https://www.reddit.com/r/sportsbook/comments/1ftavox/pick_of_the_day_10124_tuesday/
Pick of the Day - 10/2/24 (Wednesday),https://www.reddit.com/r/sportsbook/comments/1fu3ace/pick_of_the_day_10224_wednesday/
Pick of the Day - 10/3/24 (Thursday),https://www.reddit.com/r/sportsbook/comments/1fuv1ej/pick_of_the_day_10324_thursday/
Pick of the Day - 10/4/24 (Friday),https://www.reddit.com/r/sportsbook/comments/1fvmcmw/pick_of_the_day_10424_friday/
Pick of the Day - 10/5/24 (Saturday),https://www.reddit.com/r/sportsbook/comments/1fwdujn/pick_of_the_day_10524_saturday/
Pick of the Day - 10/6/24 (Sunday),https://www.reddit.com/r/sportsbook/comments/1fx468i/pick_of_the_day_10624_sunday/
Pick of the Day - 10/7/24 (Monday),https://www.reddit.com/r/sportsbook/comments/1fxuv6n/pick_of_the_day_10724_monday/
Pick of the Day - 10/8/24 (Tuesday),https://www.reddit.com/r/sportsbook/comments/1fymvnj/pick_of_the_day_10824_tuesday/
Pick of the Day - 10/9/24 (Wednesday),https://www.reddit.com/r/sportsbook/comments/1fzeq5q/pick_of_the_day_10924_wednesday/
Pick of the Day - 10/10/24 (Thursday),https://www.reddit.com/r/sportsbook/comments/1g0691o/pick_of_the_day_101024_thursday/
Pick of the Day - 10/11/24 (Friday),https://www.reddit.com/r/sportsbook/comments/1g0x6n2/pick_of_the_day_101124_friday/
Pick of the Day - 10/12/24 (Saturday),https://www.reddit.com/r/sportsbook/comments/1g1o0mv/pick_of_the_day_101224_saturday/
Pick of the Day - 10/13/24 (Sunday),https://www.reddit.com/r/sportsbook/comments/1g2djq4/pick_of_the_day_101324_sunday/
Pick of the Day - 10/14/24 (Monday),https://www.reddit.com/r/sportsbook/comments/1g33nrm/pick_of_the_day_101424_monday/
Pick of the Day - 10/15/24 (Tuesday),https://www.reddit.com/r/sportsbook/comments/1g3uw1d/pick_of_the_day_101524_tuesday/
Pick of the Day - 10/16/24 (Wednesday),https://www.reddit.com/r/sportsbook/comments/1g4mi5a/pick_of_the_day_101624_wednesday/
Pick of the Day - 10/17/24 (Thursday),https://www.reddit.com/r/sportsbook/comments/1g5e4l1/pick_of_the_day_101724_thursday/
Pick of the Day - 10/18/24 (Friday),https://www.reddit.com/r/sportsbook/comments/1g65f5a/pick_of_the_day_101824_friday/
Pick of the Day - 10/19/24 (Saturday),https://www.reddit.com/r/sportsbook/comments/1g6wmye/pick_of_the_day_101924_saturday/
Pick of the Day - 10/20/24 (Sunday),https://www.reddit.com/r/sportsbook/comments/1g7mi4c/pick_of_the_day_102024_sunday/
Pick of the Day - 10/21/24 (Monday),https://www.reddit.com/r/sportsbook/comments/1g8d284/pick_of_the_day_102124_monday/
Pick of the Day - 10/22/24 (Tuesday),https://www.reddit.com/r/sportsbook/comments/1g950hx/pick_of_the_day_102224_tuesday/
Pick of the Day - 10/23/24 (Wednesday),https://www.reddit.com/r/sportsbook/comments/1g9x9cw/pick_of_the_day_102324_wednesday/
Pick of the Day - 10/24/24 (Thursday),https://www.reddit.com/r/sportsbook/comments/1gapl46/pick_of_the_day_102424_thursday/
Pick of the Day - 10/25/24 (Friday),https://www.reddit.com/r/sportsbook/comments/1gbhg9r/pick_of_the_day_102524_friday/
Pick of the Day - 10/26/24 (Saturday),https://www.reddit.com/r/sportsbook/comments/1gc8pvj/pick_of_the_day_102624_saturday/
Pick of the Day - 10/27/24 (Sunday),https://www.reddit.com/r/sportsbook/comments/1gcyrgy/pick_of_the_day_102724_sunday/
Pick of the Day - 10/28/24 (Monday),https://www.reddit.com/r/sportsbook/comments/1gdpaqk/pick_of_the_day_102824_monday/
Pick of the Day - 10/29/24 (Tuesday),https://www.reddit.com/r/sportsbook/comments/1gehjcu/pick_of_the_day_102924_tuesday/
Pick of the Day - 10/30/24 (Wednesday),https://www.reddit.com/r/sportsbook/comments/1gf9q4e/pick_of_the_day_103024_wednesday/
Pick of the Day - 10/31/24 (Thursday),https://www.reddit.com/r/sportsbook/comments/1gg1ljn/pick_of_the_day_103124_thursday/
Pick of the Day - 11/1/24 (Friday),https://www.reddit.com/r/sportsbook/comments/1ggt0ua/pick_of_the_day_11124_friday/
Pick of the Day - 11/2/24 (Saturday),https://www.reddit.com/r/sportsbook/comments/1ghk0v3/pick_of_the_day_11224_saturday/
Pick of the Day - 11/3/24 (Sunday),https://www.reddit.com/r/sportsbook/comments/1giafx8/pick_of_the_day_11324_sunday/
Pick of the Day - 11/4/24 (Monday),https://www.reddit.com/r/sportsbook/comments/1gj2odw/pick_of_the_day_11424_monday/
Pick of the Day - 11/5/24 (Tuesday),https://www.reddit.com/r/sportsbook/comments/1gjuwlt/pick_of_the_day_11524_tuesday/
Pick of the Day - 11/6/24 (Wednesday),https://www.reddit.com/r/sportsbook/comments/1gkmse6/pick_of_the_day_11624_wednesday/
Pick of the Day - 11/7/24 (Thursday),https://www.reddit.com/r/sportsbook/comments/1glepho/pick_of_the_day_11724_thursday/
Pick of the Day - 11/8/24 (Friday),https://www.reddit.com/r/sportsbook/comments/1gm6nkq/pick_of_the_day_11824_friday/
Pick of the Day - 11/9/24 (Saturday),https://www.reddit.com/r/sportsbook/comments/1gmyivz/pick_of_the_day_11924_saturday/
Pick of the Day - 11/10/24 (Sunday),https://www.reddit.com/r/sportsbook/comments/1gnp4jw/pick_of_the_day_111024_sunday/
Pick of the Day - 11/11/24 (Monday),https://www.reddit.com/r/sportsbook/comments/1gogcn6/pick_of_the_day_111124_monday/
Pick of the Day - 11/12/24 (Tuesday),https://www.reddit.com/r/sportsbook/comments/1gp8whf/pick_of_the_day_111224_tuesday/
Pick of the Day - 11/13/24 (Wednesday),https://www.reddit.com/r/sportsbook/comments/1gq12hg/pick_of_the_day_111324_wednesday/
Pick of the Day - 11/14/24 (Thursday),https://www.reddit.com/r/sportsbook/comments/1gqt4bw/pick_of_the_day_111424_thursday/
Pick of the Day - 11/15/24 (Friday),https://www.reddit.com/r/sportsbook/comments/1grko54/pick_of_the_day_111524_friday/
Pick of the Day - 11/16/24 (Saturday),https://www.reddit.com/r/sportsbook/comments/1gsc0es/pick_of_the_day_111624_saturday/
Pick of the Day - 11/17/24 (Sunday),https://www.reddit.com/r/sportsbook/comments/1gt25q0/pick_of_the_day_111724_sunday/
Pick of the Day - 11/18/24 (Monday),https://www.reddit.com/r/sportsbook/comments/1gtt19g/pick_of_the_day_111824_monday/
Pick of the Day - 11/19/24 (Tuesday),https://www.reddit.com/r/sportsbook/comments/1gul8y2/pick_of_the_day_111924_tuesday/
Pick of the Day - 11/20/24 (Wednesday),https://www.reddit.com/r/sportsbook/comments/1gvdm15/pick_of_the_day_112024_wednesday/
Pick of the Day - 11/21/24 (Thursday),https://www.reddit.com/r/sportsbook/comments/1gw41g4/pick_of_the_day_112124_thursday/
Pick of the Day - 11/22/24 (Friday),https://www.reddit.com/r/sportsbook/comments/1gwvvz2/pick_of_the_day_112224_friday/
Pick of the Day - 11/23/24 (Saturday),https://www.reddit.com/r/sportsbook/comments/1gxntpj/pick_of_the_day_112324_saturday/
Pick of the Day - 11/24/24 (Sunday),https://www.reddit.com/r/sportsbook/comments/1gyf76z/pick_of_the_day_112424_sunday/
Pick of the Day - 11/25/24 (Monday),https://www.reddit.com/r/sportsbook/comments/1gz716r/pick_of_the_day_112524_monday/
Pick of the Day - 11/26/24 (Tuesday),https://www.reddit.com/r/sportsbook/comments/1gzzngl/pick_of_the_day_112624_tuesday/
Pick of the Day - 11/27/24 (Wednesday),https://www.reddit.com/r/sportsbook/comments/1h0scta/pick_of_the_day_112724_wednesday/
Pick of the Day - 11/28/24 (Thursday),https://www.reddit.com/r/sportsbook/comments/1h1kbet/pick_of_the_day_112824_thursday/
Pick of the Day - 11/29/24 (Friday),https://www.reddit.com/r/sportsbook/comments/1h2ae8v/pick_of_the_day_112924_friday/
Pick of the Day - 11/30/24 (Saturday),https://www.reddit.com/r/sportsbook/comments/1h3121y/pick_of_the_day_113024_saturday/
Pick of the Day - 12/1/24 (Sunday),https://www.reddit.com/r/sportsbook/comments/1h3rlgj/pick_of_the_day_12124_sunday/
Pick of the Day - 12/2/24 (Monday),https://www.reddit.com/r/sportsbook/comments/1h4j2p3/pick_of_the_day_12224_monday/
Pick of the Day - 12/3/24 (Tuesday),https://www.reddit.com/r/sportsbook/comments/1h5bhqk/pick_of_the_day_12324_tuesday/
Pick of the Day - 12/4/24 (Wednesday),https://www.reddit.com/r/sportsbook/comments/1h64i1e/pick_of_the_day_12424_wednesday/
Pick of the Day - 12/5/24 (Thursday),https://www.reddit.com/r/sportsbook/comments/1h6wynb/pick_of_the_day_12524_thursday/
Pick of the Day - 12/6/24 (Friday),https://www.reddit.com/r/sportsbook/comments/1h7pf3p/pick_of_the_day_12624_friday/
Pick of the Day - 12/7/24 (Saturday),https://www.reddit.com/r/sportsbook/comments/1h8h1y5/pick_of_the_day_12724_saturday/
Pick of the Day - 12/8/24 (Sunday),https://www.reddit.com/r/sportsbook/comments/1h97deg/pick_of_the_day_12824_sunday/
Pick of the Day - 12/9/24 (Monday),https://www.reddit.com/r/sportsbook/comments/1h9y3og/pick_of_the_day_12924_monday/
Pick of the Day - 12/10/24 (Tuesday),https://www.reddit.com/r/sportsbook/comments/1hapyal/pick_of_the_day_121024_tuesday/
Pick of the Day - 12/11/24 (Wednesday),https://www.reddit.com/r/sportsbook/comments/1hbhs3q/pick_of_the_day_121124_wednesday/
Pick of the Day - 12/12/24 (Thursday),https://www.reddit.com/r/sportsbook/comments/1hc9im3/pick_of_the_day_121224_thursday/
Pick of the Day - 12/13/24 (Friday),https://www.reddit.com/r/sportsbook/comments/1hd0qq5/pick_of_the_day_121324_friday/
Pick of the Day - 12/14/24 (Saturday),https://www.reddit.com/r/sportsbook/comments/1hdrin7/pick_of_the_day_121424_saturday/
Pick of the Day - 12/15/24 (Sunday),https://www.reddit.com/r/sportsbook/comments/1hehkrx/pick_of_the_day_121524_sunday/
Pick of the Day - 12/16/24 (Monday),https://www.reddit.com/r/sportsbook/comments/1hf7lhb/pick_of_the_day_121624_monday/
Pick of the Day - 12/17/24 (Tuesday),https://www.reddit.com/r/sportsbook/comments/1hfz35k/pick_of_the_day_121724_tuesday/
Pick of the Day - 12/18/24 (Wednesday),https://www.reddit.com/r/sportsbook/comments/1hgq673/pick_of_the_day_121824_wednesday/
Pick of the Day - 12/19/24 (Thursday),https://www.reddit.com/r/sportsbook/comments/1hhh6fm/pick_of_the_day_121924_thursday/
Pick of the Day - 12/20/24 (Friday),https://www.reddit.com/r/sportsbook/comments/1hi8djc/pick_of_the_day_122024_friday/
Pick of the Day - 12/21/24 (Saturday),https://www.reddit.com/r/sportsbook/comments/1hiytp2/pick_of_the_day_122124_saturday/
Pick of the Day - 12/22/24 (Sunday),https://www.reddit.com/r/sportsbook/comments/1hjo03s/pick_of_the_day_122224_sunday/
Pick of the Day - 12/23/24 (Monday),https://www.reddit.com/r/sportsbook/comments/1hkcojz/pick_of_the_day_122324_monday/
Pick of the Day - 12/24/24 (Tuesday),https://www.reddit.com/r/sportsbook/comments/1hl2drs/pick_of_the_day_122424_tuesday/
Pick of the Day - 12/25/24 (Wednesday),https://www.reddit.com/r/sportsbook/comments/1hlquno/pick_of_the_day_122524_wednesday/
Pick of the Day - 12/26/24 (Thursday),https://www.reddit.com/r/sportsbook/comments/1hmdjq5/pick_of_the_day_122624_thursday/
Pick of the Day - 12/27/24 (Friday),https://www.reddit.com/r/sportsbook/comments/1hn3b65/pick_of_the_day_122724_friday/
Pick of the Day - 12/28/24 (Saturday),https://www.reddit.com/r/sportsbook/comments/1hnu9yf/pick_of_the_day_122824_saturday/
Pick of the Day - 12/29/24 (Sunday),https://www.reddit.com/r/sportsbook/comments/1hokjab/pick_of_the_day_122924_sunday/
Pick of the Day - 12/30/24 (Monday),https://www.reddit.com/r/sportsbook/comments/1hpb9ug/pick_of_the_day_123024_monday/
Pick of the Day - 12/31/24 (Tuesday),https://www.reddit.com/r/sportsbook/comments/1hq31hf/pick_of_the_day_123124_tuesday/